{
    "vertices": {
        "byMesh": {
            "normAxes": [
                0.0, 
                1.0, 
                0.0, 
                0.0, 
                1.0, 
                0.0, 
                0.0, 
                1.0, 
                0.0, 
                0.0, 
                1.0, 
                0.0
            ], 
            "indices": [
                1, 
                3, 
                2, 
                0, 
                1, 
                2
            ], 
            "colElems": [], 
            "posCoords": [
                -50.0, 
                6.397578545147553e-06, 
                50.0, 
                50.0, 
                6.397578545147553e-06, 
                50.0, 
                -50.0, 
                -6.397578545147553e-06, 
                -50.0, 
                50.0, 
                -6.397578545147553e-06, 
                -50.0
            ], 
            "count": 4, 
            "texCoords": []
        }, 
        "byFaces": {
            "colElems": [], 
            "posCoords": [
                50.0, 
                6.397578545147553e-06, 
                50.0, 
                50.0, 
                -6.397578545147553e-06, 
                -50.0, 
                -50.0, 
                -6.397578545147553e-06, 
                -50.0, 
                -50.0, 
                6.397578545147553e-06, 
                50.0, 
                50.0, 
                6.397578545147553e-06, 
                50.0, 
                -50.0, 
                -6.397578545147553e-06, 
                -50.0
            ], 
            "texCoords": [
                0.9998998641967773, 
                0.00010013580322265625, 
                0.9998998641967773, 
                0.9998998641967773, 
                0.00010013580322265625, 
                0.9998998641967773, 
                0.00010013580322265625, 
                0.00010013580322265625, 
                0.9998998641967773, 
                0.00010013580322265625, 
                0.00010013580322265625, 
                0.9998998641967773
            ], 
            "normAxes": [
                0.0, 
                1.0, 
                0.0, 
                0.0, 
                1.0, 
                0.0, 
                0.0, 
                1.0, 
                0.0, 
                0.0, 
                1.0, 
                0.0, 
                0.0, 
                1.0, 
                0.0, 
                0.0, 
                1.0, 
                0.0
            ], 
            "count": 6
        }
    }, 
    "materials": [], 
    "transform": {
        "rotation": [
            1.5707969665527344, 
            0.0, 
            0.0
        ], 
        "localMatrix": [
            1.0, 
            0.0, 
            0.0, 
            0.0, 
            0.0, 
            -6.397578431460715e-07, 
            1.0, 
            0.0, 
            0.0, 
            -1.0, 
            -6.397578431460715e-07, 
            0.0, 
            0.0, 
            -0.9398912787437439, 
            0.25936269760131836, 
            1.0
        ], 
        "scale": [
            1.0, 
            1.0, 
            1.0
        ], 
        "position": [
            0.0, 
            -0.9398912787437439, 
            0.25936269760131836
        ]
    }, 
    "name": "Ground", 
    "numTris": 2
}