{
    "vertices": {
        "byFaces": {
            "posCoords": [
                10.0, 
                6.397578545147553e-06, 
                10.0, 
                10.0, 
                -6.397578545147553e-06, 
                -10.0, 
                -10.0, 
                -6.397578545147553e-06, 
                -10.0, 
                -10.0, 
                6.397578545147553e-06, 
                10.0, 
                10.0, 
                6.397578545147553e-06, 
                10.0, 
                -10.0, 
                -6.397578545147553e-06, 
                -10.0
            ], 
            "normAxes": [
                0.0, 
                1.0, 
                0.0, 
                0.0, 
                1.0, 
                0.0, 
                0.0, 
                1.0, 
                0.0, 
                0.0, 
                1.0, 
                0.0, 
                0.0, 
                1.0, 
                0.0, 
                0.0, 
                1.0, 
                0.0
            ], 
            "colElems": [], 
            "count": 6, 
            "texCoords": [
                5.499000549316406, 
                -4.499000072479248, 
                5.499000549316406, 
                5.499000549316406, 
                -4.499000549316406, 
                5.499000549316406, 
                -4.49899959564209, 
                -4.499000549316406, 
                5.499000549316406, 
                -4.499000072479248, 
                -4.499000549316406, 
                5.499000549316406
            ]
        }, 
        "byMesh": {
            "normAxes": [
                0.0, 
                1.0, 
                0.0, 
                0.0, 
                1.0, 
                0.0, 
                0.0, 
                1.0, 
                0.0, 
                0.0, 
                1.0, 
                0.0
            ], 
            "indices": [
                1, 
                3, 
                2, 
                0, 
                1, 
                2
            ], 
            "posCoords": [
                -10.0, 
                6.397578545147553e-06, 
                10.0, 
                10.0, 
                6.397578545147553e-06, 
                10.0, 
                -10.0, 
                -6.397578545147553e-06, 
                -10.0, 
                10.0, 
                -6.397578545147553e-06, 
                -10.0
            ], 
            "colElems": [], 
            "count": 4, 
            "texCoords": []
        }
    }, 
    "transform": {
        "localMatrix": [
            1.0, 
            0.0, 
            0.0, 
            0.0, 
            0.0, 
            1.0, 
            0.0, 
            0.0, 
            0.0, 
            0.0, 
            1.0, 
            0.0, 
            0.0, 
            0.0, 
            2.1526503562927246, 
            1.0
        ], 
        "rotation": [
            0.0, 
            0.0, 
            0.0
        ], 
        "position": [
            0.0, 
            0.0, 
            2.1526503562927246
        ], 
        "scale": [
            1.0, 
            1.0, 
            1.0
        ]
    }, 
    "numTris": 2, 
    "name": "Ground", 
    "materials": []
}