{
    "transform": {
        "localMatrix": [
            1.0, 
            0.0, 
            0.0, 
            0.0, 
            0.0, 
            1.0, 
            0.0, 
            0.0, 
            0.0, 
            0.0, 
            1.0, 
            0.0, 
            0.0, 
            0.0, 
            0.0, 
            1.0
        ], 
        "rotation": [
            0.0, 
            0.0, 
            0.0
        ], 
        "scale": [
            1.0, 
            1.0, 
            1.0
        ], 
        "position": [
            0.0, 
            0.0, 
            0.0
        ]
    }, 
    "numTris": 12, 
    "name": "MatCube", 
    "vertices": {
        "byMesh": {
            "colElems": [], 
            "indices": [
                5, 
                1, 
                0, 
                6, 
                2, 
                1, 
                7, 
                3, 
                2, 
                4, 
                0, 
                3, 
                1, 
                2, 
                3, 
                6, 
                5, 
                4, 
                4, 
                5, 
                0, 
                5, 
                6, 
                1, 
                6, 
                7, 
                2, 
                7, 
                4, 
                3, 
                0, 
                1, 
                3, 
                7, 
                6, 
                4
            ], 
            "normAxes": [
                -0.5773491859436035, 
                -0.5773491859436035, 
                -0.5773491859436035, 
                -0.5773491859436035, 
                0.5773491859436035, 
                -0.5773491859436035, 
                0.5773491859436035, 
                0.5773491859436035, 
                -0.5773491859436035, 
                0.5773491859436035, 
                -0.5773491859436035, 
                -0.5773491859436035, 
                -0.5773491859436035, 
                -0.5773491859436035, 
                0.5773491859436035, 
                -0.5773491859436035, 
                0.5773491859436035, 
                0.5773491859436035, 
                0.5773491859436035, 
                0.5773491859436035, 
                0.5773491859436035, 
                0.5773491859436035, 
                -0.5773491859436035, 
                0.5773491859436035
            ], 
            "posCoords": [
                -1.0, 
                -1.0, 
                -1.0, 
                -1.0, 
                1.0, 
                -1.0, 
                1.0, 
                1.0, 
                -1.0, 
                1.0, 
                -1.0, 
                -1.0, 
                -1.0, 
                -1.0, 
                1.0, 
                -1.0, 
                1.0, 
                1.0, 
                1.0, 
                1.0, 
                1.0, 
                1.0, 
                -1.0, 
                1.0
            ], 
            "texCoords": [], 
            "count": 8
        }, 
        "byFaces": {
            "texCoords": [], 
            "normAxes": [
                -0.5773491859436035, 
                0.5773491859436035, 
                0.5773491859436035, 
                -0.5773491859436035, 
                0.5773491859436035, 
                -0.5773491859436035, 
                -0.5773491859436035, 
                -0.5773491859436035, 
                -0.5773491859436035, 
                0.5773491859436035, 
                0.5773491859436035, 
                0.5773491859436035, 
                0.5773491859436035, 
                0.5773491859436035, 
                -0.5773491859436035, 
                -0.5773491859436035, 
                0.5773491859436035, 
                -0.5773491859436035, 
                0.5773491859436035, 
                -0.5773491859436035, 
                0.5773491859436035, 
                0.5773491859436035, 
                -0.5773491859436035, 
                -0.5773491859436035, 
                0.5773491859436035, 
                0.5773491859436035, 
                -0.5773491859436035, 
                -0.5773491859436035, 
                -0.5773491859436035, 
                0.5773491859436035, 
                -0.5773491859436035, 
                -0.5773491859436035, 
                -0.5773491859436035, 
                0.5773491859436035, 
                -0.5773491859436035, 
                -0.5773491859436035, 
                -0.5773491859436035, 
                0.5773491859436035, 
                -0.5773491859436035, 
                0.5773491859436035, 
                0.5773491859436035, 
                -0.5773491859436035, 
                0.5773491859436035, 
                -0.5773491859436035, 
                -0.5773491859436035, 
                0.5773491859436035, 
                0.5773491859436035, 
                0.5773491859436035, 
                -0.5773491859436035, 
                0.5773491859436035, 
                0.5773491859436035, 
                -0.5773491859436035, 
                -0.5773491859436035, 
                0.5773491859436035, 
                -0.5773491859436035, 
                -0.5773491859436035, 
                0.5773491859436035, 
                -0.5773491859436035, 
                0.5773491859436035, 
                0.5773491859436035, 
                -0.5773491859436035, 
                -0.5773491859436035, 
                -0.5773491859436035, 
                -0.5773491859436035, 
                0.5773491859436035, 
                0.5773491859436035, 
                0.5773491859436035, 
                0.5773491859436035, 
                0.5773491859436035, 
                -0.5773491859436035, 
                0.5773491859436035, 
                -0.5773491859436035, 
                0.5773491859436035, 
                0.5773491859436035, 
                0.5773491859436035, 
                0.5773491859436035, 
                -0.5773491859436035, 
                0.5773491859436035, 
                0.5773491859436035, 
                0.5773491859436035, 
                -0.5773491859436035, 
                0.5773491859436035, 
                -0.5773491859436035, 
                0.5773491859436035, 
                -0.5773491859436035, 
                -0.5773491859436035, 
                0.5773491859436035, 
                0.5773491859436035, 
                -0.5773491859436035, 
                -0.5773491859436035, 
                -0.5773491859436035, 
                -0.5773491859436035, 
                -0.5773491859436035, 
                -0.5773491859436035, 
                0.5773491859436035, 
                -0.5773491859436035, 
                0.5773491859436035, 
                -0.5773491859436035, 
                -0.5773491859436035, 
                0.5773491859436035, 
                -0.5773491859436035, 
                0.5773491859436035, 
                0.5773491859436035, 
                0.5773491859436035, 
                0.5773491859436035, 
                -0.5773491859436035, 
                -0.5773491859436035, 
                0.5773491859436035
            ],